--
-- PostgreSQL database dump
--

-- Dumped from database version 17.5
-- Dumped by pg_dump version 17.5

-- Started on 2025-07-17 22:21:16

SET statement_timeout = 0;
SET lock_timeout = 0;
SET idle_in_transaction_session_timeout = 0;
SET transaction_timeout = 0;
SET client_encoding = 'UTF8';
SET standard_conforming_strings = on;
SELECT pg_catalog.set_config('search_path', '', false);
SET check_function_bodies = false;
SET xmloption = content;
SET client_min_messages = warning;
SET row_security = off;

--
-- TOC entry 4979 (class 0 OID 16396)
-- Dependencies: 218
-- Data for Name: Locales; Type: TABLE DATA; Schema: public; Owner: postgres_user
--

COPY public."Locales" ("Id", "Name", "Code", "Direction", "IsDefault", "IsDeleted", "CreatedBy", "Sort", "CreatedAt", "ModifiedBy", "ModifiedAt", "IsPublished", "PublishedAt", "PublishedBy", "DeletedAt", "DeletedBy", "IsNeedDeleteApprove", "IsActive", "Title") FROM stdin;
b11476d7-fc17-430b-817c-59b30cc51e36	English	en	LTR	f	f	00000000-0000-0000-0000-000000000000	2	2025-01-05 00:00:00+03	\N	\N	t	\N	\N	\N	\N	f	t	English
2e10d250-92c8-4870-bd44-8be4969693a4	Arabic	ar	RTL	t	f	00000000-0000-0000-0000-000000000000	1	2025-01-08 00:00:00+03	\N	\N	t	\N	\N	\N	\N	f	t	ุงูุนุฑุจูุฉ
033f208e-c6b2-42e0-9f18-f7fb9d4e18c0	Turkish	tr	LTR	f	f	00000000-0000-0000-0000-000000000000	6	2025-01-15 00:00:00+03	\N	\N	t	\N	\N	\N	\N	f	f	Tรผrkรงe
28366442-ef30-4624-b847-7b6f2d36d2bc	German	de	LTR	f	f	00000000-0000-0000-0000-000000000000	9	2025-01-07 00:00:00+03	\N	\N	t	\N	\N	\N	\N	f	f	Deutsch
39ec1b5b-d359-441b-aff3-966d35bf1a11	Georgian	ka	LTR	f	f	00000000-0000-0000-0000-000000000000	8	2025-01-09 00:00:00+03	\N	\N	t	\N	\N	\N	\N	f	f	แฅแแแแฃแแ
69bf9bf1-813e-4d52-9ba0-4c6ebf2e820f	Korean	ko	LTR	f	f	00000000-0000-0000-0000-000000000000	13	2025-01-03 00:00:00+03	\N	\N	t	\N	\N	\N	\N	f	f	ํ๊ตญ์ด (้ๅ่ช), ์กฐ์๋ง (ๆ้ฎฎ่ช)
6a8b1219-7e67-47f6-bb25-a510ba5ee819	Japanese	ja	LTR	f	f	00000000-0000-0000-0000-000000000000	12	2025-01-10 00:00:00+03	\N	\N	t	\N	\N	\N	\N	f	f	ๆฅๆฌ่ช (ใซใปใใ๏ผใซใฃใฝใใ)
80d5e0aa-1f95-4267-8615-6b33a034ac30	Swedish	sv	LTR	f	f	00000000-0000-0000-0000-000000000000	16	2025-01-06 00:00:00+03	\N	\N	t	\N	\N	\N	\N	f	f	svenska
8a596d02-86f8-489a-9be5-b7022cc9050e	Indonesian	id	LTR	f	f	00000000-0000-0000-0000-000000000000	11	2025-01-11 00:00:00+03	\N	\N	t	\N	\N	\N	\N	f	f	Bahasa Indonesia
93ef7875-c184-4db6-9780-d80d1e3e91df	French	fr	LTR	f	f	00000000-0000-0000-0000-000000000000	3	2025-01-14 00:00:00+03	\N	\N	t	\N	\N	\N	\N	f	f	Franรงais
990972c2-8995-4a72-b506-4eb47802846c	Hindi	hi	LTR	f	f	00000000-0000-0000-0000-000000000000	7	2025-01-04 00:00:00+03	\N	\N	t	\N	\N	\N	\N	f	f	เคนเคฟเคจเฅเคฆเฅ, เคนเคฟเคเคฆเฅ
ae6645b2-d69b-4f73-a766-1ac6e79440e4	Italian	it	LTR	f	f	00000000-0000-0000-0000-000000000000	5	2025-01-02 00:00:00+03	\N	\N	t	\N	\N	\N	\N	f	f	Italiano
afeba9d9-5b5e-45cb-86d1-f5186ba0f6f6	Greek, Modern	el	LTR	f	f	00000000-0000-0000-0000-000000000000	10	2025-01-15 00:00:00+03	\N	\N	t	\N	\N	\N	\N	f	f	ฮฮปฮปฮทฮฝฮนฮบฮฌ
b3f4a58c-68d9-48c2-84a2-cb8c30bbca5b	Norwegian	no	LTR	f	f	00000000-0000-0000-0000-000000000000	14	2025-01-12 00:00:00+03	\N	\N	t	\N	\N	\N	\N	f	f	Norsk
ce760334-1111-4186-a677-0a73da4490d7	Spanish	es	LTR	f	f	00000000-0000-0000-0000-000000000000	4	2025-01-01 00:00:00+03	\N	\N	t	\N	\N	\N	\N	f	f	espaรฑol
f3fbcccb-606e-457c-92a9-d01dfb1a7a15	Romanian, Moldavian, Moldovan	ro	LTR	f	f	00000000-0000-0000-0000-000000000000	15	2025-01-13 00:00:00+03	\N	\N	t	\N	\N	\N	\N	f	f	romรขnฤ
\.


--
-- TOC entry 4980 (class 0 OID 16403)
-- Dependencies: 219
-- Data for Name: Permissions; Type: TABLE DATA; Schema: public; Owner: postgres_user
--

COPY public."Permissions" ("Id", "Name", "Title", "IsStatic", "IsDeleted", "CreatedBy", "Sort", "CreatedAt", "ModifiedBy", "ModifiedAt", "IsPublished", "PublishedAt", "PublishedBy", "DeletedAt", "DeletedBy", "IsNeedDeleteApprove", "IsActive") FROM stdin;
04e87bc1-655d-4b0b-402b-08dbad215992	Edit	Edit	f	f	00000000-0000-0000-0000-000000000000	4	2023-09-04 00:00:00+03	\N	\N	t	\N	\N	\N	\N	f	t
062c17a9-21e5-4fe9-402c-08dbad215992	Approve	Approve	f	f	00000000-0000-0000-0000-000000000000	5	2023-09-04 00:00:00+03	\N	\N	t	\N	\N	\N	\N	f	t
20651947-a5a0-4e62-4030-08dbad215992	Design	Design	f	f	00000000-0000-0000-0000-000000000000	9	2023-09-04 00:00:00+03	\N	\N	t	\N	\N	\N	\N	f	t
235f2f00-1c5e-460c-4028-08dbad215992	FullControl	Full Control	f	f	00000000-0000-0000-0000-000000000000	1	2023-09-04 00:00:00+03	\N	\N	t	\N	\N	\N	\N	f	t
2c1b4d4b-3bb1-44f7-4029-08dbad215992	Read	Read	f	f	00000000-0000-0000-0000-000000000000	2	2023-09-04 00:00:00+03	\N	\N	t	\N	\N	\N	\N	f	t
6308a7f3-a865-4fac-4031-08dbad215992	ReportViewer	Report Viewer	f	f	00000000-0000-0000-0000-000000000000	10	2023-09-04 00:00:00+03	\N	\N	t	\N	\N	\N	\N	f	t
83ac5a1f-0e9f-48c7-402d-08dbad215992	Publish	Publish	f	f	00000000-0000-0000-0000-000000000000	6	2023-09-04 00:00:00+03	\N	\N	t	\N	\N	\N	\N	f	t
aef199e5-ae5c-4334-402e-08dbad215992	Manage	Manage	f	f	00000000-0000-0000-0000-000000000000	7	2023-09-04 00:00:00+03	\N	\N	t	\N	\N	\N	\N	f	t
d9a98bfa-080e-4c6b-402a-08dbad215992	Contribute	Contribute	f	f	00000000-0000-0000-0000-000000000000	3	2023-09-04 00:00:00+03	\N	\N	t	\N	\N	\N	\N	f	t
e0a1c562-512f-4073-4032-08dbad215992	Deny	Deny	f	f	00000000-0000-0000-0000-000000000000	11	2023-09-04 00:00:00+03	\N	\N	t	\N	\N	\N	\N	f	t
fc484495-dec9-4cd9-402f-08dbad215992	Delete	Delete	f	f	00000000-0000-0000-0000-000000000000	8	2023-09-04 00:00:00+03	\N	\N	t	\N	\N	\N	\N	f	t
\.


--
-- TOC entry 4992 (class 0 OID 16484)
-- Dependencies: 231
-- Data for Name: PostCategories; Type: TABLE DATA; Schema: public; Owner: postgres_user
--

COPY public."PostCategories" ("Id", "Name", "IsDeleted", "CreatedBy", "Sort", "CreatedAt", "ModifiedBy", "ModifiedAt", "IsPublished", "PublishedAt", "PublishedBy", "DeletedAt", "DeletedBy", "IsNeedDeleteApprove", "IsActive") FROM stdin;
35121ed1-acc5-4224-bf23-b3e74c125521	[{"Locale":"ar","Value":"ุงูุฅูุชุตุงุฏ"},{"Locale":"en","Value":"Economy"}]	f	72ba37cb-c954-4b78-b7f1-92863de7e874	6	2025-07-05 15:31:15.920574+03	\N	\N	t	\N	\N	\N	\N	f	t
49e32461-c550-49dd-b60e-ce9e7a8d934c	[{"Locale":"ar","Value":"ุงูุนููู"},{"Locale":"en","Value":"Science"}]	f	72ba37cb-c954-4b78-b7f1-92863de7e874	4	2025-07-05 15:29:26.139229+03	\N	\N	t	\N	\N	\N	\N	f	t
83f1b231-6dc0-480f-8ecb-d76adc3e5b01	[{"Locale":"ar","Value":"ุงูุณูุงุณุฉ"},{"Locale":"en","Value":"Politics"}]	f	72ba37cb-c954-4b78-b7f1-92863de7e874	5	2025-07-05 15:31:09.359519+03	\N	\N	t	\N	\N	\N	\N	f	t
8dd2912c-1c65-4572-93e5-eb016e9dcf9a	[{"Locale":"ar","Value":"ุงูุฅุนูุงู"},{"Locale":"en","Value":"Media"}]	f	72ba37cb-c954-4b78-b7f1-92863de7e874	2	2025-07-05 15:29:06.616006+03	\N	\N	t	\N	\N	\N	\N	f	t
8fa57464-41f2-49b2-970b-e299fe8fe4aa	[{"Locale":"ar","Value":"ุงูุชูููุฉ"},{"Locale":"en","Value":"Technology"}]	f	72ba37cb-c954-4b78-b7f1-92863de7e874	1	2025-07-05 15:28:26.367922+03	\N	\N	t	\N	\N	\N	\N	f	t
f3e0f368-20f7-4bbc-ae8f-95a6043de16a	[{"Locale":"ar","Value":"ุงูุซูุงูุฉ"},{"Locale":"en","Value":"Culture"}]	f	72ba37cb-c954-4b78-b7f1-92863de7e874	3	2025-07-05 15:29:14.652085+03	\N	\N	t	\N	\N	\N	\N	f	t
\.


--
-- TOC entry 4993 (class 0 OID 24577)
-- Dependencies: 232
-- Data for Name: PostCategoryVersions; Type: TABLE DATA; Schema: public; Owner: postgres_user
--

COPY public."PostCategoryVersions" ("Id", "Name", "IsDeleted", "CreatedBy", "CreatedAt", "IsPublished", "PublishedAt", "PublishedBy", "MainVersionId") FROM stdin;
\.


--
-- TOC entry 4994 (class 0 OID 24584)
-- Dependencies: 233
-- Data for Name: PostVersions; Type: TABLE DATA; Schema: public; Owner: postgres_user
--

COPY public."PostVersions" ("Id", "Title", "Description", "Link", "Image", "Meta", "Duration", "IsDeleted", "CreatedBy", "CreatedAt", "IsPublished", "PublishedAt", "PublishedBy", "MainVersionId") FROM stdin;
0d553db9-af14-43e1-bba3-171abb4631dd	 ููุงู ุชููู	 ููุงู ุชููู	https://thmanyah.com/post/18520_1jhggnmybp	/assets/media/648ade0c-5374-4d18-a767-c315155e8a52.png	 ููุงู ุชููู	12	f	6353d46b-53f1-4ecf-a09b-2a18e9d131ca	2025-07-12 22:15:42.557314+03	t	2025-07-12 22:48:25.758487+03	72ba37cb-c954-4b78-b7f1-92863de7e874	d62156bd-a749-4ec9-bcb8-e61011c16b95
4f0eb82e-9b25-4b58-a52e-0b5c0a9ccfa0	ุชุฌุฑุจุฉ	ุชุฌุฑุจุฉ	ุชุฌุฑุจุฉ	/assets/media/648ade0c-5374-4d18-a767-c315155e8a52.png	ุชุฌุฑุจุฉ	12	f	6353d46b-53f1-4ecf-a09b-2a18e9d131ca	2025-07-12 16:06:24.279526+03	t	2025-07-12 22:48:25.798035+03	72ba37cb-c954-4b78-b7f1-92863de7e874	d62156bd-a749-4ec9-bcb8-e61011c16b95
8d9781d9-caff-488f-99f1-da5af6934457	 ููุงู ุชููู	 ููุงู ุชููู	https://thmanyah.com/post/18520_1jhggnmybp	/assets/media/648ade0c-5374-4d18-a767-c315155e8a52.png	 ููุงู ุชููู	12	f	72ba37cb-c954-4b78-b7f1-92863de7e874	2025-07-12 23:12:27.923132+03	t	2025-07-12 23:12:27.924229+03	72ba37cb-c954-4b78-b7f1-92863de7e874	d62156bd-a749-4ec9-bcb8-e61011c16b95
bb7d8fcb-273f-4eb0-8524-99f49a256cfd	ยซููุฑูููุง ููยป: ุฎุณุฑ ุณุจุงู ุงููุตุฉ	ุซูุฉ ุฃููุงู ุชุชุบุฐู ุนูู ููุฌ ุงูุญูุงุณุฉ ุงูุฃูููุ ูุนูู ุชูู ุงูุฏูุดุฉ ุงูุจูุฑ ุงูุชู ุชุฃุฎุฐ ุจูุฌุงูุน ุนููู ุงููุจุงุฑุ ุงูุฐูู ุณุญุฑุชูู ุงูุตูุฑุฉุ ูุฃููุธุช ูููู ูุดูุฉู ูุชููุฌุฉ ูู ุทูููุชูู. \r\n\r\nุฃุฎุจุฑุชู ุตุฏููู ุจูุฐู ุงูุนุจุงุฑุฉ ุนูุฏูุง ุดุงูุฏุชู ูู ุฎููู ุงููููู ุงููุงุฆู ูู ุนุดูุงู ุงูุณูุงุฑุงุช ูู ูุงุนุฉ ุงูุณูููุงุ ูู ูููุฉู ุฃูุฑุจ ุฅูู ุงููุตู ุงูุฃูุฑููู: (Boys Night). ูุฃุนูู ุจุฐูู ุฃููุฆู ุงูุฐูู ูุงููุงุ ููุฐ ูุนููุฉ ุฃุธุงูุฑููุ ุนุดูุงููุง ูุฃูุนุงุจ ยซููุช ูููุฒยป ููููู -ุจุงููุธุฑ ุฅูู ุฃุนูุงุฑูู- ูู ุชุฑุจูู ุนูู ูุณูุณู ุงูุฑุณูู ุงููุชุญุฑูุฉ ยซููุงุจูุฒุงยป ููู ูุงููุง ูุชุฑููุจูู ูุญุธุฉ ุชุญููู ุณูุงุฑุฉ ุงูููุฑ ุงูููููุน ุฃูุซุฑ ูู ูุญุธุฉ ูุดูู ุนู ููููุชู! \r\n\r\nุนุฏุง ุนู ุฃู ุงูุณูุงุฑุฉ ุงูุฎุงุฑูุฉ ูู ูููู ยซF1: The Movieยป ูููุฎุฑุฌ ุงูุจุงุฑู ูู ุงูุณูููุง ุงูุฃูุฑูููุฉ ุฌูุฒูู ููุณููุณูู ูุง ุชุดุจู ุณูุงุฑุฉ ยซููู ููุงุจูุฒุงยป ุฐุงุช ุงูุฏุฑุน ุงูุฎุงุฑุฌู ุงููุชููุ ูุงููุฏุฌูุฌุฉ ุจุฅุทุงุฑุงุช ูุทุนููุฉ ุจุฃูุชุงุฏ ุฏูุงุนูุฉุ ูุฒุฑ ูุจุซ ุงูุฃุฏุฎูุฉ ุงูุชุถููููุฉุ ูุชุฑุณุงูุฉ ุฎูุงููุฉ ูู ุงูููุงุจู ุงูุฃุฑุถูุฉ. ูุฅู ุณูุงุฑุงุช ุงูููุฑูููุง ูู ุชูุจูู ูุชูุงุฏู ุงูุฃุนุทุงู ูุง ูุฅุญุฏุงุซูุง: ุฃุฌูุญุฉ ูุชูููู ุงูุฌุฑู ุงูุฐู ูุฏ ูุทูุญ ุจุงูุณูุงุฑุฉุ ููุดุนุงุช ุฌุงูุจูุฉ ุชููุน ุงุญุชุฑุงู ูุญุฏุฉ ุงูุทุงูุฉุ ูุตููุญุงุช ุชูุจุนุฏ ุงูููุงุก ุงููุถุทุฑุจ ุนู ุงูุฅุทุงุฑุงุชุ ูููุฑูู ุตูุงูุฉ ุชูุญุงุณุจ ุนูู ุถูุงุน ุงูุฌุฒุก ูู ุงูุซุงููุฉ. ููููุฏ ูู ูุฑูุจุฉุ ูููููุฉ ูู ุฃูุซุฑ ูู ุฎูุณุฉ ุนุดุฑ ุฃูู ูุทุนุฉ ุฏูููุฉุ ูููุฏุณูู ูุฏ ูุตุฏู ุฃู ุนูู ุจุนุถูู ูู ููุงูุฉ ูุงุณุง ูููุถุงุกุ ูู ุชุจูู ุงูุณูุงุฑุฉ ููุท ุนูู ูุณุงุฑ ุงูููุงูุณุฉ.\r\n\r\nูู ูุฐู ุงูุชูุงุตูู ุงููุนููุฉ ุจุงูููุฒูุงุก ูุงููููุงูููุง ูุดูุฏ ุนูููุง ูู ุงููููู ุงูุฐู ูููุฏ ุจุทููุชู ุงูููุซู ุจุฑุงุฏ ุจูุชุ ุจุฏูุฑ ุงููุชุณุงุจู ุงููุฎุถุฑู ยซุณููู ูุงูุฒยปุ ุฑุฌู ุญุฑ ูุง ูุฑุจุทู ููุฒู ููุง ุฃุฑุถุ ููุง ุชุณุชูููู ุงูุนุงุทูุฉ ุฃู ุงูุฃููุงุจ. ูุฎูุถ ุณุจุงูุงุช ูุญููุฉ ูุณุจุงูุงุช ยซุงููุงุณูุงุฑยปุ ูุง ููุฏู ุณูู ุฃู ููุชุงุช ูู ุงููุฒุฑ ุงููุณูุฑ ุงูุฐู ุชููุญูุ ููุชูููุง ุจูุง ุนู ุณุงุฆุฑ ุงูุฃุถูุงุก. ููุน ุฐููุ ูุฌุชูุน ุงููุงุณ ุนูู ุฅูุจุงุฑู ููููู ูู ุดุจุงุจู ูุงุจ ููุณูู ุฃู ุฃุฏูู ูู ููุงูุณุฉ ุชุฎูู ูุฑุงุชุจ ุงููุฌุฏุ ูุจู ุฃู ููููุฆ ุชุงุฑููุง ุงูุณุงุญุฉุ ููุง ุฒุงู ุฃุซุฑู ูููุง ุญุงุถุฑูุง.\r\n\r\nูุจุฏุฃ ุงููููู ุจุญููู ูุณุชุญุถุฑ ุฏู ุญุงุฏุซุชู ุงูุฐู ูุง ูุฒุงู ููุฎุถูุจ ุดุงุฑุน ุญูุจุฉ ุงูููุฑูููุง ููุ ุชูู ุงูุชู ูุฌุฑูุง ูุจู ุณููุงุช ุทูููุฉุ ููููุง ูุง ุฒุงูุช ุชุทุงุฑุฏู ูู ููุงููุ ููุง ูู ูุงูุช ุฌุฑุญูุง ูููุง ุงูุชุฃู ููุดุทุ ูู ุบูุฑ ุญููู ููู ููุง ููุฉ. ุฐูู ุงูุญูู ูุทูู ุนูููุง ููุฐ ุงููุญุธุฉ ุงูุฃููู ุจุตูุฑุฉ ุบูุฑ ููุชููุฉุ ุนุจุฑ ุชูููุฉ ูุชุงุจูุฉ ูุจุชุฐูุฉ ุชูุนุฑู ุจูยซุงูุฒุฑุนยปุ ุงุณุชุฎุฏููุง ุณููุงุฑูุณุช ุงููููู ุฅูุฑูู ูุฑููุฑุ ููุบุฑุณ ุจุฐุฑุฉ ุงููุถูู. ููููููุฏ ูุงุณุชููุงูู ูุงุญููุง ุจุงูุทุฑููุฉ ุฐุงุชูุงุ ูุฃู ุงูุชูุงูู ูุนูู ููุงุฌูุฉ ุงูุญูููุฉ ุงููุคููุฉุ ูุงูุชุญููู ุงูุฏุฑุงูู ุงูุญุชูู.\r\n\r\nูููุณ ูู ุฐูู ูุง ูุฏู ุนูู ูุฏุฎู ุบุงูุถุ ุฃู ูุง ูุตุนุจ ุณุจุฑ ุบูุฑูุ ุจู ูู ุชูุทุฆุฉ ุตุฑูุญุฉุ ููุชูุช ุฐููุฑูุง ูู ุนุฏูุฏ ูู ุงูุฃููุงูุ ุฅูู ุฏุฑุฌุฉ ุฃููุง ุชูุชุญ ุณุคุงููุง ูุฃููููุง: ูู ุงูุญูุงุฏุซ ุงููุงูุนูุฉ ุชูุณุชุนุงุฏ ูู ุงูุฃุญูุงู ูุชุชูุฑุฑุ\r\n\r\nููููุง ูุบุถู ุงูุทุฑู ุนู ูุฐู ุงููุฌูุฉุ ุจุนุฐุฑ ุงูุณูุงู ุงูุฏุฑุงูู ุงูุฐู ุณุฑุนุงู ูุง ูููููุง ุฅูู ุจููุฉ ุงูููููุ ุญูุซ ุชุญุถุฑ ุงููุฑุตุฉ ููุจุทู ุฏูู ุฃู ูุทูุจูุงุ ุนูู ูุฏ ยซุฑูุจููยป (ุงูุตุฏูู ุงููุฏููุ ููุคุฏู ุฏูุฑู ุฎุงููุฑ ุจุงุฑุฏูู)ุ ุงูุฐู ุฃุตุจุญ ูุงูููุง ููุฏูุฑูุง ุฑูุงุถูููุง ูุฃุญุฏ ูุฑู ุงูููุฑูููุง ููุ ูุฑุฃู ูู ุงุณุชุนุงุฏุฉ ยซุณููู ูุงูุฒยป -ุงูุฐู ุตูุญ ูุงุณุฏู ูุฑุฌุน ุดุงุฑุฏู- ุณุงุฆููุง ุซุงูููุง ูุบุงูุฑุฉู ูุญุณูุจุฉุ ุชุนูุฏ ูููุฑูู ุจุฑููู ูุชุฐููู ุตุนุงุจู ูุชุณุชูุถุญ ุฅุจูุงูู. \r\n\r\nูุง ุณูููุง ุฃู ุณุงุฆู ุงููุฑูู ุงูุฃูู ยซุฌูุดูุงยป ุดุงุจ ูุนุฑุจุฏ ุจุดุบู ููุงูุชูุ ููุงุจู ุณูู ุงูุฏุฑุฌุฉ ุจุฏูู ุงูููุฉุ ููููุจ ุจุงููุทุฑุฉ ูููู ููุชูุฑ ุฅูู ุงูุฎุจุฑุฉ. ูุง ูุฌุนู ูู ุณูููุ ุงูุฐู ุดููู ุงูุถูุงูู ุชูุฏูุฏูุงุ ุงููุทุนุฉ ุงูููููุฉ ูู ุงูุชุดูููุฉุ ุณุงุฆู ูุนุฑู ููู ูุญูุธ ุงูููุงุทุ ููุนุฒุฒ ูู ุชุฑุชูุจ ุงููุฑูู ูู ุงูุจุทููุฉ ุจุญุฌุฉ ุฎุจุฑุชู ูุตุจุฑู. ุฅูุง ุฃู ูุฐู ุงูุฃุณุจุงุจ ุงูุชู ุงุฎุชูุฑ ูู ุฃุฌููุงุ ูุฌุฏูุง ุชุชูุงุดูุ ุญูุซ ุฅู ุงููุฒู ูุฑุงูุฏู ููุฌุฑุฏ ูุณูุงูู ูุฑูุฉ ุงูููุชุดููุฉ ุงูุชู ูุชุฎุฐูุง ุชูููุฉ ูู ุฌูุจู ูููุง ูุฒู ุฅูู ุงูุญูุจุฉุ ููุฐุง ูุฏ ูุนุงุฑุถ ุณุจุจ ุงุฎุชูุงุฑูู ูู ูุจุงูููุช ููุณู ูุชูู ูุน ูุงูุน ุงูุฑูุงุถุฉ ุงููุชุทูุจุฉ ูููููู ุงููุฒูุฉ! \r\n\r\nุจุนุฏ ุงูุงูุถูุงูุ ูุดูุฏ ุนูู ุงูุญูู ุงูููุชุนุฉ ูู ุงูุญูุจุฉุ ูููุงุท ุงูุงุฎุชูุงู ุจูู ยซุณูููยป ูยซุฌูุดูุงยป ูุงูุตุฏุงูุงุช ุงููุณุชูุฑุฉ ุจููููุงุ ุซู ููุทุฉ ุงูุงูุชูุงุก ุงูุชู ุชูุชุญ ุงูุจุงุจ ุนูู ูุดูุฏูุฉ ูุดุชุฑูุฉ. ููุน ูุฐู ุงูุดุฑุงูุฉ ุงูุจุงุนุซุฉ ุนูู ุงูุชูุงุญู ูุงูุชูุงูุฑ ูู ุขูุ ูุจุฏุฃ ุงูุณุญุฑ ุงูุณูุนู ุงูุจุตุฑูุ ูุงูุงุณุชุนุฑุงุถ ุงูุชููู ุงููุจูุฑุ ูุงูููุณููุง ุงูุชุตููุฑูุฉ ุงููุชุฒุงููุฉ ุจุฅุชูุงู ุดุฏูุฏ ูุน ุงููุชุนุฉ ุงููุชุตุงุนุฏุฉ. ููุณุงู ุญุงู ุตุฏููู ูุฑุฏุฏุ ูุน ุฃุญุฏ ุงููุดุงูุฏ ุงูููููุฉ ุงูุชู ุตููุช ุจูุง ุฃุตูุงุชู ุงููุญุฑูุงุช ุขุฐุงูููุงุ ุจูุชูุง ูููู: ยซุฑุงูุจ ุงููู ูุฅู ุณุฑู ุจุงูููู ุถููู.. ูุจุนุฏ ุงูููุญุงุด ููุฎููุท ูุชูููยป. ููุฏ ุฒุงุฏ ูุฐุง ุงูุจูุช ูู ุงููุชุนุฉุ ูุชุนููู ููุจ ุงููุดูุฏ ุจูุนุฏูุง ุดุนุฑูููุง ูุนููู ุงูุฃุซุฑ.\r\n\r\nููุนู ุงููุงุฑุฆ ูููุญ ุชุญูุธู ุชุฌุงู ุงููุตุฉ ุงูููุชุนูุฉุ ุงููุณุชูููุฉ ูู ุงูุญูู ุงูุฃูุฑูููุ ุญูุซ ุชูุทุฑุญ ุงูุดูุฎูุฎุฉ ุจูุตููุง ุนูุจุฉู ูุงุจูุฉ ููุชุทููุน ูุงูุชุฑููุนุ ููุนุงุฏ ุชุฏููุฑ ุณุฑุฏูุฉ ุงูุฑุฌู ุงูุฎูุณููู ุฃู ุงูุณุชููู ุงูุฐู ูููุถ ููุญูู ุญูููุ ููุฃู ุงูุฒูู ูููู ุทููู ุจูุฌุฑุฏ ุฅููุงู ุฏุงุฎููุ ุชูุงููุง ููุง ูู ูููู ยซุฑููู ุจุงูุจูุงยป ูู ุฌุฒุฆู ุงูุณุงุฏุณุ ุญูู ุนุงุฏ ููุญูุจุฉ ุจุนุฏ ุซูุงุซูู ุนุงููุง ููููู ุจุทู ุงูุนุงูู ููููุงููุฉ ุฏุฑุณูุง ูุง ูููุณูุ ูุง ุจููุทู ุงูุฑูุงุถุฉ ููุง ุงููุงูุนุ ุจู ุจููุทู ุงูุณููุงุฑูู. ููุฃู ุงูุจุทููุฉ ููุง ุฃูุถูุง ููุตููุฉ ูุณุจููุง ุนูู ููุงุณ ุจุฑุงุฏ ุจูุชุ ูุชุฎุฏู ุญุถูุฑู. \r\n\r\nูุฐููุ ุจุฏุช ุงููุตุฉ ูุฃูููุฉ ูู ุตูุงุบุชูุงุ ูุง ุชููุงุฌุฆ ููุง ุชูุดุงุบุจ. ุญุชู ูุน ุงูุชุนุงูู ุงููุซูู ูุน ุณุจุงูุงุช ููุฑูููุง ูู ุงูุฃุดูุฑ ูู ุงูุนุงููุ ูุธููุฑ ูููุณ ูุงูููุชููุ ุฃุญุฏ ุฃุนุธู ุณุงุฆูููุงุ ููุชุฌูุง ููุชุณุงุจููุง ุถูู ูุดุงูุฏ ุงููููู. ููุงู ูู ุงูุฃุฌุฏู ูู ุงุณุชูููุช ุงููุตุฉ ูู ูุงูุน ููุซููุ ููุง ูู ูููู ยซFord v Ferrariยปุ ุงูุฐู ุชูููู ูู ุณุฑุฏู ููุตุฉ ูุงูุนูุฉ ุนู ุชุญุฏูู ุตูุงุนูู ูุชูุงูุณูู ุจูู ููุฑุฏ ูููุฑุงุฑู ูู ุณุจุงู ูููุงู ุงูุดููุฑ. ุฃู ููุง ูู ูููู ยซRushยปุ ุงูุฐู ุจูู ุญุจูุชู ุนูู ุตุฑุงุน ุชุงุฑูุฎู ุญูููู ุจูู ูููู ูุงูุฏุง ูุฌููุณ ููุชุ ูุฌุงุกุช ุฏุฑุงููุชู ุฃูุซุฑ ุตุฏููุง ูุงุดุชุจุงููุง ูุน ุทุจูุนุฉ ุงูุฑูุงุถุฉ ููุณูุงุ ูุฃุตุจุญ ุงููููู ุงูุฑูุงุถู ุงูุฃูุถู ุนูู ุงูุฅุทูุงู ุจุงููุณุจุฉ ูู.\r\n\r\nููุฐูู ูุฅู ุงูุชุนุจูุฑ ุจุฅุนุฌุงุจ ุจุดูู ูุฌูู ููุณ ุณูู ุงูุฒูุงูู ุฅูู ุฎุทูุฆุฉู ุงููุตุฉุ ุงูุชู ูุง ุฃุธููุง ุณุชุฌุฏู ุงููุจูู ููุณู ุจุนุฏ ุงูุชูุงููุง ุฅูู ููุตุฉ ุฃู ุชููุงุฒ ุฎุงูู ูู ุชูููุงุช ยซุขููุงูุณยป ุฃู ยซุฏููุจูยป.\r\n\r\nุฃูุง ุจุงููุณุจุฉ ุฅูู ุงูููุซูููุ ููู ููู ุจุฑุงุฏ ุจูุชุ ุงูุฐู ูุง ูููู ุนู ุงุณุชุนุฑุงุถู ุงูุฌุณุฏู ูุฎูุน ูููุตูุ ูุชูู ูุฑูุฒ ูู ุงุฌุชูุงุฏูุ ุฅูุง ุฃูู ูุฏูู ุงููุทููุจ ููู ุจุฑููุฉ ุฎุงูููุฑ ุจุงุฑุฏูู. ุฃูุง ุงูุจููุฉุ ููุฏ ูุงู ุธููุฑูู ูุชูุงุถุนูุงุ ูุงุณุชุณูุงู ูู ูุคูู ุจุฃู ุงููุฎุฑุฌ ูู ุจุทู ุงูููููโฆ ููู ูุฐูู!\r\n\r\nูููู ููุฏ ุฎูุถ ูุฐู ุงูุชุฌุฑุจุฉุ ูุฅู ูุดุงูุฏุฉ ุงููููู ุจุฃูุถู ุชูููุฉ ูุชููุฑุฉ ูุซู ยซุขููุงูุณยป ุฃู ยซุฏููุจู ุฃุชููุณยป ุฃู ยซููุฑ ุฏู ุฅูุณยปุ ููุณุช ุชุฑููุงุ ุจู ุถุฑูุฑุฉุ ูู ุชุจูุบ ุงูุตูุฑุฉ ุฐุฑูุชูุงุ ููุตูู ุงูุตูุช ููุง ุฃุฑุงุฏู ุตุงูุนูู: ุนุงุตููุงุ ูุฏููููุงุ ูุบุงูุฑูุงุ ููุฃูู ุฃุญุฏ ุงููุชุณุงุจููู ุฏุงุฎู ุงูุญูุจุฉ.\r\n\r\nุบูุฑ ุฃู ูู ูุฐุง ุงูุจุฐุฎ ุงูุณูุนู ูุงูุจุตุฑู ูุง ูููู ูุฑูุน ุงูุชูููู ุงูุนุงูุ ุฅุฐ ุชุจูู ุงูุญูุงูุฉุ ุจุฑุฃููุ ูู ุญุฌุฑ ุงูุฃุณุงุณ ูุฃู ูููู. ููุฐุงุ ุฃููุญู 6 ูู 10ุ ูุฃู ุงูุญูุงุณุฉุ ูููุง ุจูุบุชุ ูููู ุงุณุชุนุงุฏุชูุง ูู ูุนุจุฉ ุฅููุชุฑูููุฉ ูุญููุฉุ ููู ุงููุตุฉ ูุง ุชูุนููุถ. 	ุชุฌุฑุจุฉ	/assets/media/d4485714-f981-49c7-9505-2e2247c51737.png	ุซูุฉ ุฃููุงู ุชุชุบุฐู ุนูู ููุฌ ุงูุญูุงุณุฉ ุงูุฃูููุ ูุนูู ุชูู ุงูุฏูุดุฉ ุงูุจูุฑ ุงูุชู ุชุฃุฎุฐ ุจูุฌุงูุน ุนููู ุงููุจุงุฑุ ุงูุฐูู ุณุญุฑุชูู ุงูุตูุฑุฉุ ูุฃููุธุช ูููู ูุดูุฉู ูุชููุฌุฉ ูู ุทูููุชูู. 	10	f	72ba37cb-c954-4b78-b7f1-92863de7e874	2025-07-12 23:12:31.156489+03	t	2025-07-12 23:12:31.156792+03	72ba37cb-c954-4b78-b7f1-92863de7e874	11c23bd3-c55b-405c-888c-2d67865f560e
cfbcc97f-824c-4e71-b307-374cb5089681	 ููุงู ุชููู	 ููุงู ุชููู	https://thmanyah.com/post/18520_1jhggnmybp	/assets/media/648ade0c-5374-4d18-a767-c315155e8a52.png	 ููุงู ุชููู	12	f	6353d46b-53f1-4ecf-a09b-2a18e9d131ca	2025-07-12 23:12:44.055871+03	f	\N	\N	d62156bd-a749-4ec9-bcb8-e61011c16b95
6a5645f9-675e-4c1e-b093-b6bdc6c5234d	 ููุงู ุชููู	 ููุงู ุชููู	https://thmanyah.com/post/18520_1jhggnmybp	/assets/media/648ade0c-5374-4d18-a767-c315155e8a52.png	 ููุงู ุชููู	12	f	6353d46b-53f1-4ecf-a09b-2a18e9d131ca	2025-07-12 23:12:59.135325+03	f	\N	\N	d62156bd-a749-4ec9-bcb8-e61011c16b95
\.


--
-- TOC entry 4990 (class 0 OID 16457)
-- Dependencies: 229
-- Data for Name: Posts; Type: TABLE DATA; Schema: public; Owner: postgres_user
--

COPY public."Posts" ("Id", "Title", "Description", "Link", "Image", "Meta", "Duration", "PostCategoryId", "IsDeleted", "CreatedBy", "Sort", "CreatedAt", "ModifiedBy", "ModifiedAt", "IsPublished", "PublishedAt", "PublishedBy", "DeletedAt", "DeletedBy", "IsNeedDeleteApprove", "IsActive", "Type") FROM stdin;
e2681cae-8124-4303-a38e-47413b9e91a3	ูุง ุชูุตุญูู ููุง ุชูุชุธุฑ ุงุนุชุฐุงุฑู	ุจุงุฒูุฏ ูุฑุฑ ูู ููุชุตู ุงูุณูุฉ ูุจุญุซ ุนู ุฃุณููุจ ุญูุงุฉ ุฌุฏูุฏุ ูุฑุงุญ ูุณุฌู ูู ุงููุงุฏูุ ููู ููููู ุจุณ ุงูุชุดู ูุนุฑู ุฃุดูุงุก ูุซูุฑ ุนู ุงููุงุฏู ูุงูุชูุงุฑูู! \r\n\r\nููุนูู ุชูุงุฏู ูุตุงุฑ ููุตุญ ุนุจุงุฏูุ ูุจุทุจูุนุฉ ุงูุญุงู ุชููุช ุนููู ุนุจุงุฏู ูู ูุฐู ุงูุญููุฉ ูุนุจุฑ ุนู ุงุณุชูุงุฆู ูู ูุตุงุฆุญ ูู ูู ูุจ ูุฏุจ. \r\n\r\nุจุณ ูุจ ุจุณ ูุฐุง ุงููู ูุณุชุงุก ููู ุนุจุงุฏูุ ุนุจุงุฏู ุนูุฏู ูุดุงูู ูุน ุงูุงุนุชุฐุงุฑ ูุงูุดูุฑ ููุง ูุนุฑู ูุชู ูุฑุญู -ููุง ุญุชู ูุนุจุฑ-. ูุนุฑููุง ูู ุงูููุงูุฉ ูุด ููุน ุดุฎุตูุฉ ุจุงุฒูุฏ ูุนุจุงุฏู.\r\n\r\nุงูุฑูุงุจุท\r\n\r\nihajay โ ุญุณุงุจ ุนุจุงุฏู ุญุฌูุงู ุนูู ุฅูุณุชูุฑุงู.\r\n\r\nosamabz โ ุญุณุงุจ ุฃุณุงูุฉ ุจุงุฒูุฏ ุนูู ุฅูุณุชูุฑุงู.\r\n\r\nโ\r\n\r\nููุฎุฑุฌ ุซูุงููุฉ ุนูู ุฅูุณุชูุฑุงู.\r\n\r\nููุฎุฑุฌ ุซูุงููุฉ ุนูู ุชู ุชูู.\r\n\r\nููุฎุฑุฌ ุซูุงููุฉ ุนูู ุฅูุณ.	https://thmanyah.com/post/1m6a85nvw6_1jhggnmybp	/assets/media/d221a492-d44a-4bb1-836f-df53b1b5dfe0.png	ุจุงุฒูุฏ ูุฑุฑ ูู ููุชุตู ุงูุณูุฉ ูุจุญุซ ุนู ุฃุณููุจ ุญูุงุฉ ุฌุฏูุฏุ ููุนูู ุชูุงุฏู ูุตุงุฑ ููุตุญ ุนุจุงุฏูุ ูุจุทุจูุนุฉ ุงูุญุงู ุชููุช ุนููู ุนุจุงุฏู ูู ูุฐู ุงูุญููุฉ ูุนุจุฑ ุนู ุงุณุชูุงุฆู ูู ูุตุงุฆุญ ูู ูู ูุจ ูุฏุจ.	12	8fa57464-41f2-49b2-970b-e299fe8fe4aa	f	72ba37cb-c954-4b78-b7f1-92863de7e874	3	2025-07-05 23:42:09.263708+03	\N	\N	t	\N	\N	\N	\N	f	t	0
5e8fd1aa-6faf-4542-ba70-45a5d59f6416	ุนุฏุฏ ุฎุงุต: ููู ูุฌุฏ ุงูุดุจุงุจ ููุฒููุง ูู ุงูุฑูุงุถุ ๐ก	ูู ููุฅุนูุงู ุฏูุฑ ูู ุงูุงุญุชูุงู ูุงูุญุฑูุจุ\r\n\r\nูุฌุฏุช ูุฌููุนุฉ ูู ุงูุชููููู ูุคุดุฑูุง ุงุณูู ยซูููุงุณ ุงูุญูุงุฒ ุงูุฅุนูุงูยป (Media Bias Meter)ุ ููุณุชุฎุฏูููู ููุตู ุญูุงุฏ ุฌุฑุงุฆุฏ ููุฌูุงุช ุฃู ุชุญููุฒูุง ูู ุฏูู ูุซู ุฃูุฑููุง ูููุฏุง ูุจุฑูุทุงููุง ุจูุบุฉ ุงูุฃุฑูุงู. \r\n\r\nูุงู ุงุจุชูุงุฑ ูุฐุง ุงููููุงุณ ุฑุฏููุง ุนูู ุงูููุงูุงุช ุงูููุดูุฑุฉ ุนู ููุณุทูู ุนูู ูุฐู ุงูููุตุงุชุ ุญูุซ ูุฌุฏูุง ุจุนุฏ ุชุญููู ุงูุขูุงู ูู ุงูููุงูุงุช ุฃู ุงููุบุฉ ุงูุชู ูุณุชุฎุฏููููุง ูููุง ุชุญูุฒ ูุงุถุญ ูุตุงูุญ ุฏููุฉ ุงูุงุญุชูุงู ูุฏุงุนูููุง.\r\n\r\nุชุฏูุนู ุงูุตุญุงูุฉ ุงูุบุฑุจูุฉ ุฃููุง ููุจุฑ ููุญูุงุฏุ ูููุถุญ ูุฐุง ุงููููุงุณ ุฒูู ูุฐุง ุงูุงุฏุนุงุก. ูุงูุฅุนูุงู ุงูุบุฑุจู ูุง ูุณุชุฎุฏู ูุบุฉ ุญูุงุฏูุฉ ูู ูุง ูุฌุฑู ูู ููุณุทูู ูุจุงูู ุฃูุทุงููุงุ ุจู ูุฑุงูุง ูุณููุฉ ูุดูุทูุฉ ุดุนูุจูุง ูุชุจุฑูุฑ ุงุญุชูุงููุง. ๐คฅ \r\n\r\nูู ุนุฏุฏ ุงููููุ ุฃุดุงุฑููู ุชุฌุงุฑุจ ุซูุงุซุฉ ุดุจุงุจ ุงูุชูููุง ุฅูู ุงูุฑูุงุถุ ูุงูุชุญุฏูุงุช ุงูุชู ุชูุงุฌููู ูู ุฅูุฌุงุฏ ุงูุณูู ุงูููุงุณุจ. ููู ยซุนููู ุงูุญูุงุฉ ุจูุบุชูุงยปุ ุฃูุถุญ ููู ุฌุฑููุฉ ุฌุฏูุฏุฉ ุชุฑุชูุจูุง ุงูุฃูุฑุงู ุงูุฎุจูุซุฉ. ูููุฏุนูู ุจุงูุชุจุงุณ ูุชุฃูู ูู ุชุงุฑูุฎ ุชุณููุฉ ุงูุฑุจุน ุงูุฎุงูู. ๐๏ธ	https://thmanyah.com/post/1m689ym5jm_1jhggnmybp	/assets/media/e0117d4e-1fe1-44c8-b8a5-c6e81ad81b89.jpg	ูู ููุฅุนูุงู ุฏูุฑ ูู ุงูุงุญุชูุงู ูุงูุญุฑูุจุ  ูุฌุฏุช ูุฌููุนุฉ ูู ุงูุชููููู ูุคุดุฑูุง ุงุณูู ยซูููุงุณ ุงูุญูุงุฒ ุงูุฅุนูุงูยป (Media Bias Meter)ุ ููุณุชุฎุฏูููู ููุตู ุญูุงุฏ ุฌุฑุงุฆุฏ ููุฌูุงุช ุฃู ุชุญููุฒูุง ูู ุฏูู ูุซู ุฃูุฑููุง ูููุฏุง ูุจุฑูุทุงููุง ุจูุบุฉ ุงูุฃุฑูุงู. 	12	35121ed1-acc5-4224-bf23-b3e74c125521	f	72ba37cb-c954-4b78-b7f1-92863de7e874	4	2025-07-05 23:45:43.195726+03	\N	\N	t	\N	\N	\N	\N	f	t	0
d62156bd-a749-4ec9-bcb8-e61011c16b95	 ููุงู ุชููู	 ููุงู ุชููู	https://thmanyah.com/post/18520_1jhggnmybp	/assets/media/648ade0c-5374-4d18-a767-c315155e8a52.png	 ููุงู ุชููู	12	8fa57464-41f2-49b2-970b-e299fe8fe4aa	f	\N	1	2025-07-12 22:15:42.557314+03	72ba37cb-c954-4b78-b7f1-92863de7e874	2025-07-12 23:12:27.805629+03	t	2025-07-12 23:12:27.805628+03	72ba37cb-c954-4b78-b7f1-92863de7e874	\N	\N	f	t	0
11c23bd3-c55b-405c-888c-2d67865f560e	ยซููุฑูููุง ููยป: ุฎุณุฑ ุณุจุงู ุงููุตุฉ	ุซูุฉ ุฃููุงู ุชุชุบุฐู ุนูู ููุฌ ุงูุญูุงุณุฉ ุงูุฃูููุ ูุนูู ุชูู ุงูุฏูุดุฉ ุงูุจูุฑ ุงูุชู ุชุฃุฎุฐ ุจูุฌุงูุน ุนููู ุงููุจุงุฑุ ุงูุฐูู ุณุญุฑุชูู ุงูุตูุฑุฉุ ูุฃููุธุช ูููู ูุดูุฉู ูุชููุฌุฉ ูู ุทูููุชูู. \r\n\r\nุฃุฎุจุฑุชู ุตุฏููู ุจูุฐู ุงูุนุจุงุฑุฉ ุนูุฏูุง ุดุงูุฏุชู ูู ุฎููู ุงููููู ุงููุงุฆู ูู ุนุดูุงู ุงูุณูุงุฑุงุช ูู ูุงุนุฉ ุงูุณูููุงุ ูู ูููุฉู ุฃูุฑุจ ุฅูู ุงููุตู ุงูุฃูุฑููู: (Boys Night). ูุฃุนูู ุจุฐูู ุฃููุฆู ุงูุฐูู ูุงููุงุ ููุฐ ูุนููุฉ ุฃุธุงูุฑููุ ุนุดูุงููุง ูุฃูุนุงุจ ยซููุช ูููุฒยป ููููู -ุจุงููุธุฑ ุฅูู ุฃุนูุงุฑูู- ูู ุชุฑุจูู ุนูู ูุณูุณู ุงูุฑุณูู ุงููุชุญุฑูุฉ ยซููุงุจูุฒุงยป ููู ูุงููุง ูุชุฑููุจูู ูุญุธุฉ ุชุญููู ุณูุงุฑุฉ ุงูููุฑ ุงูููููุน ุฃูุซุฑ ูู ูุญุธุฉ ูุดูู ุนู ููููุชู! \r\n\r\nุนุฏุง ุนู ุฃู ุงูุณูุงุฑุฉ ุงูุฎุงุฑูุฉ ูู ูููู ยซF1: The Movieยป ูููุฎุฑุฌ ุงูุจุงุฑู ูู ุงูุณูููุง ุงูุฃูุฑูููุฉ ุฌูุฒูู ููุณููุณูู ูุง ุชุดุจู ุณูุงุฑุฉ ยซููู ููุงุจูุฒุงยป ุฐุงุช ุงูุฏุฑุน ุงูุฎุงุฑุฌู ุงููุชููุ ูุงููุฏุฌูุฌุฉ ุจุฅุทุงุฑุงุช ูุทุนููุฉ ุจุฃูุชุงุฏ ุฏูุงุนูุฉุ ูุฒุฑ ูุจุซ ุงูุฃุฏุฎูุฉ ุงูุชุถููููุฉุ ูุชุฑุณุงูุฉ ุฎูุงููุฉ ูู ุงูููุงุจู ุงูุฃุฑุถูุฉ. ูุฅู ุณูุงุฑุงุช ุงูููุฑูููุง ูู ุชูุจูู ูุชูุงุฏู ุงูุฃุนุทุงู ูุง ูุฅุญุฏุงุซูุง: ุฃุฌูุญุฉ ูุชูููู ุงูุฌุฑู ุงูุฐู ูุฏ ูุทูุญ ุจุงูุณูุงุฑุฉุ ููุดุนุงุช ุฌุงูุจูุฉ ุชููุน ุงุญุชุฑุงู ูุญุฏุฉ ุงูุทุงูุฉุ ูุตููุญุงุช ุชูุจุนุฏ ุงูููุงุก ุงููุถุทุฑุจ ุนู ุงูุฅุทุงุฑุงุชุ ูููุฑูู ุตูุงูุฉ ุชูุญุงุณุจ ุนูู ุถูุงุน ุงูุฌุฒุก ูู ุงูุซุงููุฉ. ููููุฏ ูู ูุฑูุจุฉุ ูููููุฉ ูู ุฃูุซุฑ ูู ุฎูุณุฉ ุนุดุฑ ุฃูู ูุทุนุฉ ุฏูููุฉุ ูููุฏุณูู ูุฏ ูุตุฏู ุฃู ุนูู ุจุนุถูู ูู ููุงูุฉ ูุงุณุง ูููุถุงุกุ ูู ุชุจูู ุงูุณูุงุฑุฉ ููุท ุนูู ูุณุงุฑ ุงูููุงูุณุฉ.\r\n\r\nูู ูุฐู ุงูุชูุงุตูู ุงููุนููุฉ ุจุงูููุฒูุงุก ูุงููููุงูููุง ูุดูุฏ ุนูููุง ูู ุงููููู ุงูุฐู ูููุฏ ุจุทููุชู ุงูููุซู ุจุฑุงุฏ ุจูุชุ ุจุฏูุฑ ุงููุชุณุงุจู ุงููุฎุถุฑู ยซุณููู ูุงูุฒยปุ ุฑุฌู ุญุฑ ูุง ูุฑุจุทู ููุฒู ููุง ุฃุฑุถุ ููุง ุชุณุชูููู ุงูุนุงุทูุฉ ุฃู ุงูุฃููุงุจ. ูุฎูุถ ุณุจุงูุงุช ูุญููุฉ ูุณุจุงูุงุช ยซุงููุงุณูุงุฑยปุ ูุง ููุฏู ุณูู ุฃู ููุชุงุช ูู ุงููุฒุฑ ุงููุณูุฑ ุงูุฐู ุชููุญูุ ููุชูููุง ุจูุง ุนู ุณุงุฆุฑ ุงูุฃุถูุงุก. ููุน ุฐููุ ูุฌุชูุน ุงููุงุณ ุนูู ุฅูุจุงุฑู ููููู ูู ุดุจุงุจู ูุงุจ ููุณูู ุฃู ุฃุฏูู ูู ููุงูุณุฉ ุชุฎูู ูุฑุงุชุจ ุงููุฌุฏุ ูุจู ุฃู ููููุฆ ุชุงุฑููุง ุงูุณุงุญุฉุ ููุง ุฒุงู ุฃุซุฑู ูููุง ุญุงุถุฑูุง.\r\n\r\nูุจุฏุฃ ุงููููู ุจุญููู ูุณุชุญุถุฑ ุฏู ุญุงุฏุซุชู ุงูุฐู ูุง ูุฒุงู ููุฎุถูุจ ุดุงุฑุน ุญูุจุฉ ุงูููุฑูููุง ููุ ุชูู ุงูุชู ูุฌุฑูุง ูุจู ุณููุงุช ุทูููุฉุ ููููุง ูุง ุฒุงูุช ุชุทุงุฑุฏู ูู ููุงููุ ููุง ูู ูุงูุช ุฌุฑุญูุง ูููุง ุงูุชุฃู ููุดุทุ ูู ุบูุฑ ุญููู ููู ููุง ููุฉ. ุฐูู ุงูุญูู ูุทูู ุนูููุง ููุฐ ุงููุญุธุฉ ุงูุฃููู ุจุตูุฑุฉ ุบูุฑ ููุชููุฉุ ุนุจุฑ ุชูููุฉ ูุชุงุจูุฉ ูุจุชุฐูุฉ ุชูุนุฑู ุจูยซุงูุฒุฑุนยปุ ุงุณุชุฎุฏููุง ุณููุงุฑูุณุช ุงููููู ุฅูุฑูู ูุฑููุฑุ ููุบุฑุณ ุจุฐุฑุฉ ุงููุถูู. ููููููุฏ ูุงุณุชููุงูู ูุงุญููุง ุจุงูุทุฑููุฉ ุฐุงุชูุงุ ูุฃู ุงูุชูุงูู ูุนูู ููุงุฌูุฉ ุงูุญูููุฉ ุงููุคููุฉุ ูุงูุชุญููู ุงูุฏุฑุงูู ุงูุญุชูู.\r\n\r\nูููุณ ูู ุฐูู ูุง ูุฏู ุนูู ูุฏุฎู ุบุงูุถุ ุฃู ูุง ูุตุนุจ ุณุจุฑ ุบูุฑูุ ุจู ูู ุชูุทุฆุฉ ุตุฑูุญุฉุ ููุชูุช ุฐููุฑูุง ูู ุนุฏูุฏ ูู ุงูุฃููุงูุ ุฅูู ุฏุฑุฌุฉ ุฃููุง ุชูุชุญ ุณุคุงููุง ูุฃููููุง: ูู ุงูุญูุงุฏุซ ุงููุงูุนูุฉ ุชูุณุชุนุงุฏ ูู ุงูุฃุญูุงู ูุชุชูุฑุฑุ\r\n\r\nููููุง ูุบุถู ุงูุทุฑู ุนู ูุฐู ุงููุฌูุฉุ ุจุนุฐุฑ ุงูุณูุงู ุงูุฏุฑุงูู ุงูุฐู ุณุฑุนุงู ูุง ูููููุง ุฅูู ุจููุฉ ุงูููููุ ุญูุซ ุชุญุถุฑ ุงููุฑุตุฉ ููุจุทู ุฏูู ุฃู ูุทูุจูุงุ ุนูู ูุฏ ยซุฑูุจููยป (ุงูุตุฏูู ุงููุฏููุ ููุคุฏู ุฏูุฑู ุฎุงููุฑ ุจุงุฑุฏูู)ุ ุงูุฐู ุฃุตุจุญ ูุงูููุง ููุฏูุฑูุง ุฑูุงุถูููุง ูุฃุญุฏ ูุฑู ุงูููุฑูููุง ููุ ูุฑุฃู ูู ุงุณุชุนุงุฏุฉ ยซุณููู ูุงูุฒยป -ุงูุฐู ุตูุญ ูุงุณุฏู ูุฑุฌุน ุดุงุฑุฏู- ุณุงุฆููุง ุซุงูููุง ูุบุงูุฑุฉู ูุญุณูุจุฉุ ุชุนูุฏ ูููุฑูู ุจุฑููู ูุชุฐููู ุตุนุงุจู ูุชุณุชูุถุญ ุฅุจูุงูู. \r\n\r\nูุง ุณูููุง ุฃู ุณุงุฆู ุงููุฑูู ุงูุฃูู ยซุฌูุดูุงยป ุดุงุจ ูุนุฑุจุฏ ุจุดุบู ููุงูุชูุ ููุงุจู ุณูู ุงูุฏุฑุฌุฉ ุจุฏูู ุงูููุฉุ ููููุจ ุจุงููุทุฑุฉ ูููู ููุชูุฑ ุฅูู ุงูุฎุจุฑุฉ. ูุง ูุฌุนู ูู ุณูููุ ุงูุฐู ุดููู ุงูุถูุงูู ุชูุฏูุฏูุงุ ุงููุทุนุฉ ุงูููููุฉ ูู ุงูุชุดูููุฉุ ุณุงุฆู ูุนุฑู ููู ูุญูุธ ุงูููุงุทุ ููุนุฒุฒ ูู ุชุฑุชูุจ ุงููุฑูู ูู ุงูุจุทููุฉ ุจุญุฌุฉ ุฎุจุฑุชู ูุตุจุฑู. ุฅูุง ุฃู ูุฐู ุงูุฃุณุจุงุจ ุงูุชู ุงุฎุชูุฑ ูู ุฃุฌููุงุ ูุฌุฏูุง ุชุชูุงุดูุ ุญูุซ ุฅู ุงููุฒู ูุฑุงูุฏู ููุฌุฑุฏ ูุณูุงูู ูุฑูุฉ ุงูููุชุดููุฉ ุงูุชู ูุชุฎุฐูุง ุชูููุฉ ูู ุฌูุจู ูููุง ูุฒู ุฅูู ุงูุญูุจุฉุ ููุฐุง ูุฏ ูุนุงุฑุถ ุณุจุจ ุงุฎุชูุงุฑูู ูู ูุจุงูููุช ููุณู ูุชูู ูุน ูุงูุน ุงูุฑูุงุถุฉ ุงููุชุทูุจุฉ ูููููู ุงููุฒูุฉ! \r\n\r\nุจุนุฏ ุงูุงูุถูุงูุ ูุดูุฏ ุนูู ุงูุญูู ุงูููุชุนุฉ ูู ุงูุญูุจุฉุ ูููุงุท ุงูุงุฎุชูุงู ุจูู ยซุณูููยป ูยซุฌูุดูุงยป ูุงูุตุฏุงูุงุช ุงููุณุชูุฑุฉ ุจููููุงุ ุซู ููุทุฉ ุงูุงูุชูุงุก ุงูุชู ุชูุชุญ ุงูุจุงุจ ุนูู ูุดูุฏูุฉ ูุดุชุฑูุฉ. ููุน ูุฐู ุงูุดุฑุงูุฉ ุงูุจุงุนุซุฉ ุนูู ุงูุชูุงุญู ูุงูุชูุงูุฑ ูู ุขูุ ูุจุฏุฃ ุงูุณุญุฑ ุงูุณูุนู ุงูุจุตุฑูุ ูุงูุงุณุชุนุฑุงุถ ุงูุชููู ุงููุจูุฑุ ูุงูููุณููุง ุงูุชุตููุฑูุฉ ุงููุชุฒุงููุฉ ุจุฅุชูุงู ุดุฏูุฏ ูุน ุงููุชุนุฉ ุงููุชุตุงุนุฏุฉ. ููุณุงู ุญุงู ุตุฏููู ูุฑุฏุฏุ ูุน ุฃุญุฏ ุงููุดุงูุฏ ุงูููููุฉ ุงูุชู ุตููุช ุจูุง ุฃุตูุงุชู ุงููุญุฑูุงุช ุขุฐุงูููุงุ ุจูุชูุง ูููู: ยซุฑุงูุจ ุงููู ูุฅู ุณุฑู ุจุงูููู ุถููู.. ูุจุนุฏ ุงูููุญุงุด ููุฎููุท ูุชูููยป. ููุฏ ุฒุงุฏ ูุฐุง ุงูุจูุช ูู ุงููุชุนุฉุ ูุชุนููู ููุจ ุงููุดูุฏ ุจูุนุฏูุง ุดุนุฑูููุง ูุนููู ุงูุฃุซุฑ.\r\n\r\nููุนู ุงููุงุฑุฆ ูููุญ ุชุญูุธู ุชุฌุงู ุงููุตุฉ ุงูููุชุนูุฉุ ุงููุณุชูููุฉ ูู ุงูุญูู ุงูุฃูุฑูููุ ุญูุซ ุชูุทุฑุญ ุงูุดูุฎูุฎุฉ ุจูุตููุง ุนูุจุฉู ูุงุจูุฉ ููุชุทููุน ูุงูุชุฑููุนุ ููุนุงุฏ ุชุฏููุฑ ุณุฑุฏูุฉ ุงูุฑุฌู ุงูุฎูุณููู ุฃู ุงูุณุชููู ุงูุฐู ูููุถ ููุญูู ุญูููุ ููุฃู ุงูุฒูู ูููู ุทููู ุจูุฌุฑุฏ ุฅููุงู ุฏุงุฎููุ ุชูุงููุง ููุง ูู ูููู ยซุฑููู ุจุงูุจูุงยป ูู ุฌุฒุฆู ุงูุณุงุฏุณุ ุญูู ุนุงุฏ ููุญูุจุฉ ุจุนุฏ ุซูุงุซูู ุนุงููุง ููููู ุจุทู ุงูุนุงูู ููููุงููุฉ ุฏุฑุณูุง ูุง ูููุณูุ ูุง ุจููุทู ุงูุฑูุงุถุฉ ููุง ุงููุงูุนุ ุจู ุจููุทู ุงูุณููุงุฑูู. ููุฃู ุงูุจุทููุฉ ููุง ุฃูุถูุง ููุตููุฉ ูุณุจููุง ุนูู ููุงุณ ุจุฑุงุฏ ุจูุชุ ูุชุฎุฏู ุญุถูุฑู. \r\n\r\nูุฐููุ ุจุฏุช ุงููุตุฉ ูุฃูููุฉ ูู ุตูุงุบุชูุงุ ูุง ุชููุงุฌุฆ ููุง ุชูุดุงุบุจ. ุญุชู ูุน ุงูุชุนุงูู ุงููุซูู ูุน ุณุจุงูุงุช ููุฑูููุง ูู ุงูุฃุดูุฑ ูู ุงูุนุงููุ ูุธููุฑ ูููุณ ูุงูููุชููุ ุฃุญุฏ ุฃุนุธู ุณุงุฆูููุงุ ููุชุฌูุง ููุชุณุงุจููุง ุถูู ูุดุงูุฏ ุงููููู. ููุงู ูู ุงูุฃุฌุฏู ูู ุงุณุชูููุช ุงููุตุฉ ูู ูุงูุน ููุซููุ ููุง ูู ูููู ยซFord v Ferrariยปุ ุงูุฐู ุชูููู ูู ุณุฑุฏู ููุตุฉ ูุงูุนูุฉ ุนู ุชุญุฏูู ุตูุงุนูู ูุชูุงูุณูู ุจูู ููุฑุฏ ูููุฑุงุฑู ูู ุณุจุงู ูููุงู ุงูุดููุฑ. ุฃู ููุง ูู ูููู ยซRushยปุ ุงูุฐู ุจูู ุญุจูุชู ุนูู ุตุฑุงุน ุชุงุฑูุฎู ุญูููู ุจูู ูููู ูุงูุฏุง ูุฌููุณ ููุชุ ูุฌุงุกุช ุฏุฑุงููุชู ุฃูุซุฑ ุตุฏููุง ูุงุดุชุจุงููุง ูุน ุทุจูุนุฉ ุงูุฑูุงุถุฉ ููุณูุงุ ูุฃุตุจุญ ุงููููู ุงูุฑูุงุถู ุงูุฃูุถู ุนูู ุงูุฅุทูุงู ุจุงููุณุจุฉ ูู.\r\n\r\nููุฐูู ูุฅู ุงูุชุนุจูุฑ ุจุฅุนุฌุงุจ ุจุดูู ูุฌูู ููุณ ุณูู ุงูุฒูุงูู ุฅูู ุฎุทูุฆุฉู ุงููุตุฉุ ุงูุชู ูุง ุฃุธููุง ุณุชุฌุฏู ุงููุจูู ููุณู ุจุนุฏ ุงูุชูุงููุง ุฅูู ููุตุฉ ุฃู ุชููุงุฒ ุฎุงูู ูู ุชูููุงุช ยซุขููุงูุณยป ุฃู ยซุฏููุจูยป.\r\n\r\nุฃูุง ุจุงููุณุจุฉ ุฅูู ุงูููุซูููุ ููู ููู ุจุฑุงุฏ ุจูุชุ ุงูุฐู ูุง ูููู ุนู ุงุณุชุนุฑุงุถู ุงูุฌุณุฏู ูุฎูุน ูููุตูุ ูุชูู ูุฑูุฒ ูู ุงุฌุชูุงุฏูุ ุฅูุง ุฃูู ูุฏูู ุงููุทููุจ ููู ุจุฑููุฉ ุฎุงูููุฑ ุจุงุฑุฏูู. ุฃูุง ุงูุจููุฉุ ููุฏ ูุงู ุธููุฑูู ูุชูุงุถุนูุงุ ูุงุณุชุณูุงู ูู ูุคูู ุจุฃู ุงููุฎุฑุฌ ูู ุจุทู ุงูููููโฆ ููู ูุฐูู!\r\n\r\nูููู ููุฏ ุฎูุถ ูุฐู ุงูุชุฌุฑุจุฉุ ูุฅู ูุดุงูุฏุฉ ุงููููู ุจุฃูุถู ุชูููุฉ ูุชููุฑุฉ ูุซู ยซุขููุงูุณยป ุฃู ยซุฏููุจู ุฃุชููุณยป ุฃู ยซููุฑ ุฏู ุฅูุณยปุ ููุณุช ุชุฑููุงุ ุจู ุถุฑูุฑุฉุ ูู ุชุจูุบ ุงูุตูุฑุฉ ุฐุฑูุชูุงุ ููุตูู ุงูุตูุช ููุง ุฃุฑุงุฏู ุตุงูุนูู: ุนุงุตููุงุ ูุฏููููุงุ ูุบุงูุฑูุงุ ููุฃูู ุฃุญุฏ ุงููุชุณุงุจููู ุฏุงุฎู ุงูุญูุจุฉ.\r\n\r\nุบูุฑ ุฃู ูู ูุฐุง ุงูุจุฐุฎ ุงูุณูุนู ูุงูุจุตุฑู ูุง ูููู ูุฑูุน ุงูุชูููู ุงูุนุงูุ ุฅุฐ ุชุจูู ุงูุญูุงูุฉุ ุจุฑุฃููุ ูู ุญุฌุฑ ุงูุฃุณุงุณ ูุฃู ูููู. ููุฐุงุ ุฃููุญู 6 ูู 10ุ ูุฃู ุงูุญูุงุณุฉุ ูููุง ุจูุบุชุ ูููู ุงุณุชุนุงุฏุชูุง ูู ูุนุจุฉ ุฅููุชุฑูููุฉ ูุญููุฉุ ููู ุงููุตุฉ ูุง ุชูุนููุถ. 	ุชุฌุฑุจุฉ	/assets/media/d4485714-f981-49c7-9505-2e2247c51737.png	ุซูุฉ ุฃููุงู ุชุชุบุฐู ุนูู ููุฌ ุงูุญูุงุณุฉ ุงูุฃูููุ ูุนูู ุชูู ุงูุฏูุดุฉ ุงูุจูุฑ ุงูุชู ุชุฃุฎุฐ ุจูุฌุงูุน ุนููู ุงููุจุงุฑุ ุงูุฐูู ุณุญุฑุชูู ุงูุตูุฑุฉุ ูุฃููุธุช ูููู ูุดูุฉู ูุชููุฌุฉ ูู ุทูููุชูู. 	10	8dd2912c-1c65-4572-93e5-eb016e9dcf9a	f	\N	2	2025-07-05 23:39:34.099352+03	72ba37cb-c954-4b78-b7f1-92863de7e874	2025-07-12 23:12:31.146708+03	t	2025-07-12 23:12:31.146706+03	72ba37cb-c954-4b78-b7f1-92863de7e874	\N	\N	f	t	0
\.


--
-- TOC entry 4982 (class 0 OID 16411)
-- Dependencies: 221
-- Data for Name: RoleClaims; Type: TABLE DATA; Schema: public; Owner: postgres_user
--

COPY public."RoleClaims" ("Id", "RoleId", "ClaimType", "ClaimValue") FROM stdin;
\.


--
-- TOC entry 4983 (class 0 OID 16418)
-- Dependencies: 222
-- Data for Name: RolePermissions; Type: TABLE DATA; Schema: public; Owner: postgres_user
--

COPY public."RolePermissions" ("Id", "RoleId", "PermissionId", "IsDeleted", "CreatedBy", "Sort", "CreatedAt", "ModifiedBy", "ModifiedAt", "IsPublished", "PublishedAt", "PublishedBy", "DeletedAt", "DeletedBy", "IsNeedDeleteApprove", "IsActive") FROM stdin;
54f3b408-fcdf-4d7b-950d-642f6966d1ba	d92edf42-e3cd-4832-93dd-61b7b5770cd3	062c17a9-21e5-4fe9-402c-08dbad215992	f	72ba37cb-c954-4b78-b7f1-92863de7e874	0	2025-07-05 15:02:10.522262+03	\N	\N	t	\N	\N	\N	\N	f	t
08a77e1c-bd0d-4bc7-8e00-8187a09e489e	d92edf42-e3cd-4832-93dd-61b7b5770cd3	d9a98bfa-080e-4c6b-402a-08dbad215992	f	72ba37cb-c954-4b78-b7f1-92863de7e874	0	2025-07-05 15:02:10.834002+03	\N	\N	t	\N	\N	\N	\N	f	t
7dabea27-75e6-426a-9748-96773d712455	d92edf42-e3cd-4832-93dd-61b7b5770cd3	fc484495-dec9-4cd9-402f-08dbad215992	f	72ba37cb-c954-4b78-b7f1-92863de7e874	0	2025-07-05 15:02:10.885164+03	\N	\N	t	\N	\N	\N	\N	f	t
e7b1fc8a-7678-499e-b8ba-8f55530e6c41	d92edf42-e3cd-4832-93dd-61b7b5770cd3	e0a1c562-512f-4073-4032-08dbad215992	f	72ba37cb-c954-4b78-b7f1-92863de7e874	0	2025-07-05 15:02:10.893045+03	\N	\N	t	\N	\N	\N	\N	f	t
fb8b9da0-a6bd-472e-ba18-cd24cc377591	d92edf42-e3cd-4832-93dd-61b7b5770cd3	20651947-a5a0-4e62-4030-08dbad215992	f	72ba37cb-c954-4b78-b7f1-92863de7e874	0	2025-07-05 15:02:10.895886+03	\N	\N	t	\N	\N	\N	\N	f	t
d540ed1c-0b7a-46f3-811d-0030c8bc9e16	d92edf42-e3cd-4832-93dd-61b7b5770cd3	04e87bc1-655d-4b0b-402b-08dbad215992	f	72ba37cb-c954-4b78-b7f1-92863de7e874	0	2025-07-05 15:02:10.898847+03	\N	\N	t	\N	\N	\N	\N	f	t
f32652ba-23ce-4876-aa9e-821c21cc06f5	d92edf42-e3cd-4832-93dd-61b7b5770cd3	235f2f00-1c5e-460c-4028-08dbad215992	f	72ba37cb-c954-4b78-b7f1-92863de7e874	0	2025-07-05 15:02:10.901515+03	\N	\N	t	\N	\N	\N	\N	f	t
7b1783cd-4312-492f-b3eb-83d3fef50084	d92edf42-e3cd-4832-93dd-61b7b5770cd3	aef199e5-ae5c-4334-402e-08dbad215992	f	72ba37cb-c954-4b78-b7f1-92863de7e874	0	2025-07-05 15:02:10.904395+03	\N	\N	t	\N	\N	\N	\N	f	t
459ae2cd-a5d3-4a05-bb89-db2924852c83	d92edf42-e3cd-4832-93dd-61b7b5770cd3	83ac5a1f-0e9f-48c7-402d-08dbad215992	f	72ba37cb-c954-4b78-b7f1-92863de7e874	0	2025-07-05 15:02:10.907371+03	\N	\N	t	\N	\N	\N	\N	f	t
644c4a1d-ff73-43d2-ad1d-26e42b95dc74	d92edf42-e3cd-4832-93dd-61b7b5770cd3	2c1b4d4b-3bb1-44f7-4029-08dbad215992	f	72ba37cb-c954-4b78-b7f1-92863de7e874	0	2025-07-05 15:02:10.91056+03	\N	\N	t	\N	\N	\N	\N	f	t
3dcc594f-576f-454b-b244-f25cf16a2938	d92edf42-e3cd-4832-93dd-61b7b5770cd3	6308a7f3-a865-4fac-4031-08dbad215992	f	72ba37cb-c954-4b78-b7f1-92863de7e874	0	2025-07-05 15:02:10.913713+03	\N	\N	t	\N	\N	\N	\N	f	t
0fc730df-e56c-402c-a44e-364a3935afae	92c299e6-7199-4c52-baba-acb04fa44942	04e87bc1-655d-4b0b-402b-08dbad215992	f	72ba37cb-c954-4b78-b7f1-92863de7e874	0	2025-07-05 15:19:24.73834+03	\N	\N	t	\N	\N	\N	\N	f	t
12ef1a7c-1ecb-4ad4-9270-6f58b0757daf	92c299e6-7199-4c52-baba-acb04fa44942	aef199e5-ae5c-4334-402e-08dbad215992	f	72ba37cb-c954-4b78-b7f1-92863de7e874	0	2025-07-05 15:19:39.116689+03	\N	\N	t	\N	\N	\N	\N	f	t
2c3f2552-b64b-4900-b6dc-19280954c29a	92c299e6-7199-4c52-baba-acb04fa44942	20651947-a5a0-4e62-4030-08dbad215992	f	72ba37cb-c954-4b78-b7f1-92863de7e874	0	2025-07-05 15:19:24.735617+03	\N	\N	t	\N	\N	\N	\N	f	t
3115b32c-3b55-4290-a210-080cf4709091	92c299e6-7199-4c52-baba-acb04fa44942	d9a98bfa-080e-4c6b-402a-08dbad215992	f	72ba37cb-c954-4b78-b7f1-92863de7e874	0	2025-07-05 15:19:39.09395+03	\N	\N	t	\N	\N	\N	\N	f	t
3ad01efb-daa7-429d-8e75-2b81e1012ba8	92c299e6-7199-4c52-baba-acb04fa44942	20651947-a5a0-4e62-4030-08dbad215992	f	72ba37cb-c954-4b78-b7f1-92863de7e874	0	2025-07-05 15:19:39.105832+03	\N	\N	t	\N	\N	\N	\N	f	t
3cb09146-9639-4dcd-9760-d5904b2c1db3	92c299e6-7199-4c52-baba-acb04fa44942	2c1b4d4b-3bb1-44f7-4029-08dbad215992	f	72ba37cb-c954-4b78-b7f1-92863de7e874	0	2025-07-05 15:19:39.125416+03	\N	\N	t	\N	\N	\N	\N	f	t
4871d39b-1d66-4bc6-9dc3-22f0ecda3509	92c299e6-7199-4c52-baba-acb04fa44942	d9a98bfa-080e-4c6b-402a-08dbad215992	f	72ba37cb-c954-4b78-b7f1-92863de7e874	0	2025-07-05 15:19:24.724935+03	\N	\N	t	\N	\N	\N	\N	f	t
49a03e3c-57d2-478d-8888-b6ef806b8e50	92c299e6-7199-4c52-baba-acb04fa44942	062c17a9-21e5-4fe9-402c-08dbad215992	f	72ba37cb-c954-4b78-b7f1-92863de7e874	0	2025-07-05 15:19:39.089265+03	\N	\N	t	\N	\N	\N	\N	f	t
5307dbe5-abb2-4fd6-ae6b-1dfd101665ef	92c299e6-7199-4c52-baba-acb04fa44942	6308a7f3-a865-4fac-4031-08dbad215992	f	72ba37cb-c954-4b78-b7f1-92863de7e874	0	2025-07-05 15:19:24.753401+03	\N	\N	t	\N	\N	\N	\N	f	t
70626e96-9585-485b-b56a-2f79a8e4cd96	92c299e6-7199-4c52-baba-acb04fa44942	83ac5a1f-0e9f-48c7-402d-08dbad215992	f	72ba37cb-c954-4b78-b7f1-92863de7e874	0	2025-07-05 15:19:39.120794+03	\N	\N	t	\N	\N	\N	\N	f	t
7235fc85-33d2-47fe-9aef-993e4a289fa7	92c299e6-7199-4c52-baba-acb04fa44942	83ac5a1f-0e9f-48c7-402d-08dbad215992	f	72ba37cb-c954-4b78-b7f1-92863de7e874	0	2025-07-05 15:19:24.747918+03	\N	\N	t	\N	\N	\N	\N	f	t
801d6249-58b5-439e-84fc-b944b754177f	92c299e6-7199-4c52-baba-acb04fa44942	aef199e5-ae5c-4334-402e-08dbad215992	f	72ba37cb-c954-4b78-b7f1-92863de7e874	0	2025-07-05 15:19:24.744949+03	\N	\N	t	\N	\N	\N	\N	f	t
aa53b755-0062-42c7-be34-174268a3c4c2	92c299e6-7199-4c52-baba-acb04fa44942	6308a7f3-a865-4fac-4031-08dbad215992	f	72ba37cb-c954-4b78-b7f1-92863de7e874	0	2025-07-05 15:19:39.130495+03	\N	\N	t	\N	\N	\N	\N	f	t
b74b77b9-0966-4ed0-8bda-b1a67b35e678	b6e2e5c3-1fa0-4d1d-865a-ea3ff9b9a2f6	d9a98bfa-080e-4c6b-402a-08dbad215992	f	72ba37cb-c954-4b78-b7f1-92863de7e874	0	2025-07-05 15:19:56.441752+03	\N	\N	t	\N	\N	\N	\N	f	t
ba3c93a8-e4c6-4b54-9d24-0fc669eed28a	b6e2e5c3-1fa0-4d1d-865a-ea3ff9b9a2f6	2c1b4d4b-3bb1-44f7-4029-08dbad215992	f	72ba37cb-c954-4b78-b7f1-92863de7e874	0	2025-07-05 15:19:56.464151+03	\N	\N	t	\N	\N	\N	\N	f	t
d10d4fda-4267-4ad3-8a16-82b1b76a3409	92c299e6-7199-4c52-baba-acb04fa44942	e0a1c562-512f-4073-4032-08dbad215992	f	72ba37cb-c954-4b78-b7f1-92863de7e874	0	2025-07-05 15:19:24.732973+03	\N	\N	t	\N	\N	\N	\N	f	t
d83ac942-c2af-4a36-8480-98531af58062	92c299e6-7199-4c52-baba-acb04fa44942	2c1b4d4b-3bb1-44f7-4029-08dbad215992	f	72ba37cb-c954-4b78-b7f1-92863de7e874	0	2025-07-05 15:19:24.750686+03	\N	\N	t	\N	\N	\N	\N	f	t
e5cbbc66-21c0-4cc6-a204-86aa85c33405	b6e2e5c3-1fa0-4d1d-865a-ea3ff9b9a2f6	fc484495-dec9-4cd9-402f-08dbad215992	f	72ba37cb-c954-4b78-b7f1-92863de7e874	0	2025-07-05 15:19:56.445638+03	\N	\N	t	\N	\N	\N	\N	f	t
ec464014-0778-4a06-8c0a-6fbaecff63cd	92c299e6-7199-4c52-baba-acb04fa44942	062c17a9-21e5-4fe9-402c-08dbad215992	f	72ba37cb-c954-4b78-b7f1-92863de7e874	0	2025-07-05 15:19:05.84625+03	\N	\N	t	\N	\N	\N	\N	f	t
ec92e2bb-fcfb-4816-97cc-e1eaf651505c	92c299e6-7199-4c52-baba-acb04fa44942	04e87bc1-655d-4b0b-402b-08dbad215992	f	72ba37cb-c954-4b78-b7f1-92863de7e874	0	2025-07-05 15:19:39.110188+03	\N	\N	t	\N	\N	\N	\N	f	t
f1b71400-a7c3-42bd-9bec-f3729173f01f	92c299e6-7199-4c52-baba-acb04fa44942	fc484495-dec9-4cd9-402f-08dbad215992	f	72ba37cb-c954-4b78-b7f1-92863de7e874	0	2025-07-05 15:19:39.098006+03	\N	\N	t	\N	\N	\N	\N	f	t
f33220da-058f-45c2-a6e4-ced3262943bf	92c299e6-7199-4c52-baba-acb04fa44942	fc484495-dec9-4cd9-402f-08dbad215992	f	72ba37cb-c954-4b78-b7f1-92863de7e874	0	2025-07-05 15:19:24.729952+03	\N	\N	t	\N	\N	\N	\N	f	t
f824ef93-e2ad-4e0c-9869-6bf36f738fa2	b6e2e5c3-1fa0-4d1d-865a-ea3ff9b9a2f6	04e87bc1-655d-4b0b-402b-08dbad215992	f	72ba37cb-c954-4b78-b7f1-92863de7e874	0	2025-07-05 15:19:56.45376+03	\N	\N	t	\N	\N	\N	\N	f	t
fbae41fd-c636-4dd8-8649-b6451bb5b1cb	92c299e6-7199-4c52-baba-acb04fa44942	e0a1c562-512f-4073-4032-08dbad215992	f	72ba37cb-c954-4b78-b7f1-92863de7e874	0	2025-07-05 15:19:39.101929+03	\N	\N	t	\N	\N	\N	\N	f	t
\.


--
-- TOC entry 4984 (class 0 OID 16423)
-- Dependencies: 223
-- Data for Name: Roles; Type: TABLE DATA; Schema: public; Owner: postgres_user
--

COPY public."Roles" ("Id", "Title", "IsStatic", "IsDeleted", "Name", "NormalizedName", "ConcurrencyStamp") FROM stdin;
d92edf42-e3cd-4832-93dd-61b7b5770cd3	Administrator	f	f	Administrator	ADMINISTRATOR	05b4bdf1-edff-49ff-8993-177922d517a8
92c299e6-7199-4c52-baba-acb04fa44942	Manage	f	f	Manage	MANAGE	dc679690-7201-4bad-8167-e49c3ac3655d
b6e2e5c3-1fa0-4d1d-865a-ea3ff9b9a2f6	Editor	f	f	Editor	EDITOR	d7021764-d144-478f-849d-447d882083f5
\.


--
-- TOC entry 4986 (class 0 OID 16431)
-- Dependencies: 225
-- Data for Name: UserClaims; Type: TABLE DATA; Schema: public; Owner: postgres_user
--

COPY public."UserClaims" ("Id", "UserId", "ClaimType", "ClaimValue") FROM stdin;
\.


--
-- TOC entry 4987 (class 0 OID 16438)
-- Dependencies: 226
-- Data for Name: UserLogins; Type: TABLE DATA; Schema: public; Owner: postgres_user
--

COPY public."UserLogins" ("Id", "LoginProvider", "ProviderKey", "ProviderDisplayName", "UserId") FROM stdin;
\.


--
-- TOC entry 4988 (class 0 OID 16445)
-- Dependencies: 227
-- Data for Name: UserRoles; Type: TABLE DATA; Schema: public; Owner: postgres_user
--

COPY public."UserRoles" ("Id", "UserId", "RoleId") FROM stdin;
\.


--
-- TOC entry 4989 (class 0 OID 16450)
-- Dependencies: 228
-- Data for Name: UserTokens; Type: TABLE DATA; Schema: public; Owner: postgres_user
--

COPY public."UserTokens" ("Id", "UserId", "LoginProvider", "Name", "Value") FROM stdin;
\.


--
-- TOC entry 4991 (class 0 OID 16469)
-- Dependencies: 230
-- Data for Name: Users; Type: TABLE DATA; Schema: public; Owner: postgres_user
--

COPY public."Users" ("Id", "Name", "Avatar", "RoleId", "DepartmentId", "IsDeleted", "UserName", "NormalizedUserName", "Email", "NormalizedEmail", "EmailConfirmed", "PasswordHash", "SecurityStamp", "ConcurrencyStamp", "PhoneNumber", "PhoneNumberConfirmed", "TwoFactorEnabled", "LockoutEnd", "LockoutEnabled", "AccessFailedCount") FROM stdin;
3d401953-3c2b-4ec0-8e3c-3437ca92d465	ูุญูุฏ ุฎุงูุฏ ุงูุนุงูุจ	\N	d92edf42-e3cd-4832-93dd-61b7b5770cd3	\N	f	al3a8eb@gmail.com	AL3A8EB@GMAIL.COM	al3a8eb@gmail.com	AL3A8EB@GMAIL.COM	f	\N	F7VGA4QQGANQCKE4AUCQOT3B6PJSDQAR	aefc23c6-77a7-4c93-ac3e-5cd1120b7d62	0536944537	f	f	\N	t	0
6353d46b-53f1-4ecf-a09b-2a18e9d131ca	ูุญุฑุฑ ูุญุชูู	\N	b6e2e5c3-1fa0-4d1d-865a-ea3ff9b9a2f6	\N	f	editor@thmanyah.com	EDITOR@THMANYAH.COM	editor@thmanyah.com	EDITOR@THMANYAH.COM	f	AQAAAAIAAYagAAAAEHdd5xbBUwMvDI+U+BKTPJSEn+PtLKIAQAYQnCsHrVVQUitu4JE3xmDSH4dTeZvHCQ==	EALNICSGMMLVKU5TJIFJIUUFH6FJDUQR	51535fff-1bb3-4bcc-91de-69c26a51a17d	0536944537	f	f	\N	t	0
72ba37cb-c954-4b78-b7f1-92863de7e874	ูุฏูุฑ ุงููุธุงู	\N	d92edf42-e3cd-4832-93dd-61b7b5770cd3	\N	f	administrator@thmanyah.com	ADMINISTRATOR@THMANYAH.COM	administrator@thmanyah.com	ADMINISTRATOR@THMANYAH.COM	f	AQAAAAIAAYagAAAAEIZKwc3RPtwc2S3sc5qN0+Qu1N3TIAlHNF9smmm5PLBOmWDHR5PUK5kq3pWlIXuE1Q==	XEOXC2HDRR5Q72O3JJAR3Z5NJJDDOXZ3	45ed87a1-0aa0-41ae-9174-d193d371e888	0536944537	f	f	\N	t	0
75a20e03-8532-46a0-a4f4-118b36d64eba	ูุดุฑู ูุญุชูู	\N	92c299e6-7199-4c52-baba-acb04fa44942	\N	f	manager@thmanyah.com	MANAGER@THMANYAH.COM	manager@thmanyah.com	MANAGER@THMANYAH.COM	f	AQAAAAIAAYagAAAAELU4yCOf6asEnODkShV/FPfzT2VeolxM44Jex3vS8m6NzFaZ2dlyGyEhZzXRbjH/NQ==	TMOFT372MEJFDGAEGVYUSFJRKOETFT32	1dbbec8e-249d-496c-ac74-7e54206b47d1	0536944537	f	f	\N	t	0
\.


--
-- TOC entry 4978 (class 0 OID 16391)
-- Dependencies: 217
-- Data for Name: __EFMigrationsHistory; Type: TABLE DATA; Schema: public; Owner: postgres_user
--

COPY public."__EFMigrationsHistory" ("MigrationId", "ProductVersion") FROM stdin;
20250704112207_InitTables	8.0.17
20250704212744_AddPostCategoryTableAndLinkedWithPostTable	8.0.17
20250705105429_UpdateDatabase	8.0.17
20250712122906_AddVersionsTable	8.0.17
\.


--
-- TOC entry 5000 (class 0 OID 0)
-- Dependencies: 220
-- Name: RoleClaims_Id_seq; Type: SEQUENCE SET; Schema: public; Owner: postgres_user
--

SELECT pg_catalog.setval('public."RoleClaims_Id_seq"', 1, false);


--
-- TOC entry 5001 (class 0 OID 0)
-- Dependencies: 224
-- Name: UserClaims_Id_seq; Type: SEQUENCE SET; Schema: public; Owner: postgres_user
--

SELECT pg_catalog.setval('public."UserClaims_Id_seq"', 1, false);


-- Completed on 2025-07-17 22:21:16

--
-- PostgreSQL database dump complete
--

